true_q1_deg,true_q2_deg,true_q3_deg,target_x_m,target_y_m,target_z_m,repo_q1_deg,repo_q1_wrapped_deg,repo_q2_deg,repo_q3_deg,repo_foot_x_m,repo_foot_y_m,repo_foot_z_m,repo_foot_error_m,paper_q1_deg,paper_q1_wrapped_deg,paper_q2_deg,paper_q3_deg,paper_foot_x_m,paper_foot_y_m,paper_foot_z_m,paper_foot_error_m,repo_mujoco_toe_error_m,paper_mujoco_toe_error_m,repo_mujoco_toe_x_m,repo_mujoco_toe_y_m,repo_mujoco_toe_z_m,paper_mujoco_toe_x_m,paper_mujoco_toe_y_m,paper_mujoco_toe_z_m,repo_q1_inside_mujoco_range,paper_q1_inside_mujoco_range
-30.0,15.0,-25.0,-0.16356241431697505,-0.173298411805632,0.005248784251820026,-30.000000000000004,-30.0,15.000000000000009,-25.000000000000018,-0.16356241431697505,-0.17329841180563196,0.005248784251820033,2.8609792490763984e-17,-236.68898087946755,123.31101912053248,15.000000000000009,-25.000000000000018,0.223972604845613,0.0813712184388504,0.005248784251820033,0.4637240684353238,8.886119947416683e-17,0.42652198230967264,0.10172174780515864,-0.192714336786853,0.0937589588334169,0.10172174780515864,0.16851249343829316,0.3205544140763872,True,False
-29.5,15.0,-25.0,-0.16204389161898747,-0.17471914634786326,0.005248784251820026,-29.50000000000001,-29.5,14.99999999999999,-24.999999999999986,-0.1620438916189875,-0.17471914634786323,0.0052487842518200226,3.94053425015214e-17,-236.1889808794676,123.81101912053236,14.99999999999999,-24.999999999999986,0.22325398782885836,0.08332262495903597,0.0052487842518200226,0.4637240684353237,3.925231146709438e-17,0.42652198230967264,0.10172174780515864,-0.19134504082387213,0.09242351439693576,0.10172174780515864,0.16788889639939236,0.32236259272083534,True,False
-29.0,15.0,-25.0,-0.16051302865127465,-0.17612657535064746,0.005248784251820026,-29.000000000000014,-29.0,14.99999999999999,-24.999999999999986,-0.16051302865127468,-0.1761265753506474,0.0052487842518200226,6.216025217875883e-17,-235.68898087946758,124.31101912053242,14.99999999999999,-24.999999999999986,0.22251836915656753,0.08526768613873449,0.0052487842518200226,0.4637240684353237,5.721958498152797e-17,0.4265219823096726,0.10172174780515864,-0.18996414319620472,0.09110007001991548,0.10172174780515864,0.1672495439700277,0.32416526067368456,True,False
-28.5,15.0,-25.0,-0.15896994199497855,-0.17752059163281697,0.005248784251820026,-28.499999999999996,-28.5,15.000000000000009,-25.000000000000018,-0.15896994199497855,-0.17752059163281697,0.005248784251820033,6.938893903907228e-18,-235.18898087946755,124.81101912053248,15.000000000000009,-25.000000000000018,0.2217658048489506,0.08720625385400628,0.005248784251820033,0.4637240684353238,5.551115123125783e-17,0.42652198230967264,0.10172174780515864,-0.18857174906455143,0.08978872648776913,0.10172174780515864,0.16659448483936218,0.32596228065479116,True,False
-28.0,15.0,-25.0,-0.1574147491621224,-0.17890108903463475,0.005248784251820026,-28.0,-28.0,14.999999999999966,-24.999999999999947,-0.15741474916212242,-0.17890108903463475,0.005248784251820019,2.8609792490763984e-17,-234.68898087946758,125.31101912053242,14.999999999999966,-24.999999999999947,0.2209963522166932,0.08913818047541414,0.005248784251820019,0.4637240684353238,5.1925927263190304e-17,0.42652198230967275,0.10172174780515862,-0.18716796446511635,0.088489583664384,0.10172174780515862,0.16592376889268481,0.3277535158141258,True,False
-27.5,15.0,-25.0,-0.15584756858666154,-0.18026796242587878,0.005248784251820026,-27.500000000000007,-27.5,14.99999999999999,-24.999999999999986,-0.15584756858666157,-0.18026796242587872,0.0052487842518200226,6.216025217875883e-17,-234.18898087946758,125.81101912053242,14.99999999999999,-24.999999999999986,0.22021006985659225,0.09106331887926648,0.0052487842518200226,0.4637240684353238,1.3877787807814457e-17,0.42652198230967264,0.10172174780515862,-0.1857528963015316,0.08720274048451589,0.10172174780515864,0.16523744720761147,0.3295388297421963,True,False
-27.0,15.0,-25.0,-0.15426851961546445,-0.18162110771384826,0.005248784251820026,-27.000000000000014,-27.0,15.000000000000009,-25.000000000000018,-0.15426851961546448,-0.1816211077138482,0.005248784251820033,6.245004513516506e-17,-233.6889808794676,126.31101912053236,15.000000000000009,-25.000000000000018,0.2194070176470939,0.09298152245881998,0.005248784251820033,0.4637240684353237,5.721958498152797e-17,0.4265219823096725,0.10172174780515864,-0.1843266523367166,0.0859282949462551,0.10172174780515864,0.16453557205019598,0.33131808648043465,True,False
-26.5,15.0,-25.0,-0.15267772249922376,-0.1829604218512907,0.005248784251820026,-26.499999999999993,-26.5,14.999999999999966,-24.999999999999947,-0.15267772249922373,-0.1829604218512907,0.005248784251820019,2.8609792490763984e-17,-233.18898087946758,126.81101912053242,14.999999999999966,-24.999999999999947,0.21858725674373283,0.0948926451354459,0.005248784251820019,0.4637240684353239,2.7755575615628914e-17,0.42652198230967275,0.10172174780515864,-0.18288934118467112,0.08466634410356341,0.10172174780515864,0.16381819687094878,0.3330911505315521,True,False
-26.0,15.0,-25.0,-0.15107529838329894,-0.184285802844249,0.005248784251820026,-26.0,-26.0,14.999999999999966,-24.999999999999947,-0.15107529838329897,-0.184285802844249,0.005248784251820019,2.8609792490763984e-17,-232.68898087946755,127.31101912053248,14.999999999999966,-24.999999999999947,0.2177508495744757,0.09679654136975288,0.005248784251820019,0.4637240684353239,1.2566871346510768e-16,0.42652198230967275,0.10172174780515862,-0.18144107230220421,0.0834169840588836,0.10172174780515862,0.1630853763007673,0.3348578868698559,True,False
-25.5,15.0,-25.0,-0.1494613692984904,-0.18559714975982924,0.005248784251820026,-25.500000000000004,-25.5,14.99999999999999,-24.999999999999986,-0.1494613692984904,-0.18559714975982922,0.0052487842518200226,2.797157557069881e-17,-232.18898087946758,127.81101912053242,14.99999999999999,-24.999999999999986,0.21689785983496687,0.09869306617267132,0.0052487842518200226,0.4637240684353238,4.8074067159589095e-17,0.4265219823096726,0.10172174780515862,-0.17998195598059846,0.08218030995582022,0.10172174780515862,0.16233716614677518,0.33661816095153374,True,False
-25.0,15.0,-25.0,-0.1478360581517466,-0.18689436273388668,0.005248784251820026,-25.00000000000001,-25.0,15.000000000000009,-25.000000000000018,-0.1478360581517466,-0.18689436273388665,0.005248784251820033,2.8609792490763984e-17,-231.68898087946758,128.31101912053242,15.000000000000009,-25.000000000000018,0.2160283524836773,0.10058207511649517,0.005248784251820033,0.46372406843532377,6.206335383118183e-17,0.42652198230967264,0.10172174780515864,-0.17851210333721096,0.08095641597189394,0.10172174780515864,0.16157362338807246,0.33837183872489957,True,False
-24.5,15.0,-25.0,-0.14619948871680394,-0.18817734297863103,0.005248784251820026,-24.49999999999999,-24.5,14.999999999999966,-24.999999999999947,-0.1461994887168039,-0.1881773429786311,0.005248784251820019,6.245004513516506e-17,-231.18898087946755,128.81101912053248,14.999999999999966,-24.999999999999947,0.21514239373695843,0.10246342434587957,0.005248784251820019,0.4637240684353239,7.97218214573518e-17,0.42652198230967275,0.10172174780515861,-0.17703162630701116,0.07974539531137015,0.10172174780515862,0.16079480617139635,0.34011878664060097,True,False
-24.0,15.0,-25.0,-0.14455178562476118,-0.18944599279014931,0.005248784251820026,-23.999999999999996,-24.0,14.999999999999966,-24.999999999999947,-0.14455178562476118,-0.18944599279014934,0.005248784251820019,2.8609792490763984e-17,-230.68898087946758,129.31101912053242,14.999999999999966,-24.999999999999947,0.2142400510639988,0.10433697058879657,0.005248784251820019,0.4637240684353238,8.886119947416683e-17,0.4265219823096727,0.10172174780515862,-0.17554063763405706,0.07854734019816102,0.10172174780515862,0.1600007738066933,0.3418588716617904,True,False
-23.5,15.0,-25.0,-0.1428930743545881,-0.19070021555584665,0.005248784251820026,-23.5,-23.5,14.999999999999966,-24.999999999999947,-0.1428930743545881,-0.19070021555584665,0.005248784251820019,6.938893903907228e-18,-230.18898087946755,129.81101912053248,14.999999999999966,-24.999999999999947,0.21332139318168658,0.1062025711674464,0.005248784251820019,0.4637240684353239,5.1925927263190304e-17,0.4265219823096727,0.10172174780515862,-0.17403925086290847,0.0773623418688018,0.10172174780515862,0.159191586762602,0.3435919612742569,True,False
-23.0,15.0,-25.0,-0.14122348122356987,-0.19193991576180353,0.005248784251820026,-23.000000000000007,-23.0,14.999999999999966,-24.999999999999947,-0.14122348122356987,-0.1919399157618035,0.005248784251820019,2.8609792490763984e-17,-229.68898087946758,130.31101912053242,14.999999999999966,-24.999999999999947,0.21238649004937626,0.10806008400912168,0.005248784251820019,0.4637240684353238,7.076311083754595e-17,0.42652198230967264,0.10172174780515862,-0.172527580329981,0.07619049056550303,0.10172174780515862,0.15836730666184887,0.34531792349651613,True,False
-22.5,15.0,-25.0,-0.1395431333776875,-0.19316499900004952,0.005248784251820026,-22.499999999999986,-22.5,14.999999999999966,-24.999999999999947,-0.13954313337768748,-0.19316499900004958,0.005248784251820019,6.245004513516506e-17,-229.18898087946758,130.81101912053242,14.999999999999966,-24.999999999999947,0.21143541286356082,0.10990936765702819,0.005248784251820019,0.4637240684353238,8.441528768080324e-17,0.42652198230967264,0.10172174780515862,-0.17100574115483824,0.07503187552927866,0.10172174780515862,0.15752799627655473,0.34703662688986303,True,False
-22.0,15.0,-25.0,-0.13785215878193524,-0.19437537197575294,0.005248784251820026,-21.999999999999993,-22.0,15.000000000000009,-25.000000000000018,-0.1378521587819352,-0.19437537197575294,0.005248784251820033,2.8609792490763984e-17,-228.68898087946755,131.31101912053248,15.000000000000009,-25.000000000000018,0.21046823405245035,0.11175028128105619,0.005248784251820033,0.46372406843532377,3.925231146709438e-17,0.4265219823096727,0.10172174780515864,-0.16947384923142558,0.07388658499314935,0.10172174780515864,0.15667371952345505,0.3487479405683796,True,False
-21.5,15.0,-25.0,-0.1361506862105754,-0.1955709425143256,0.005248784251820026,-21.5,-21.5,14.999999999999966,-24.999999999999947,-0.1361506862105754,-0.1955709425143256,0.005248784251820019,6.938893903907228e-18,-228.18898087946758,131.81101912053242,14.999999999999966,-24.999999999999947,0.20948502727045604,0.11358268468850571,0.005248784251820019,0.4637240684353238,1.3092278833360675e-16,0.42652198230967275,0.10172174780515862,-0.167932021219244,0.07275470617542357,0.10172174780515862,0.15580454145903222,0.3504517342089036,True,False
-21.0,15.0,-25.0,-0.13443884523733185,-0.19675161956844206,0.005248784251820026,-21.000000000000004,-21.0,15.000000000000009,-25.000000000000018,-0.13443884523733185,-0.19675161956844203,0.005248784251820033,2.8609792490763984e-17,-227.68898087946755,132.31101912053248,15.000000000000009,-25.000000000000018,0.20848586739258068,0.1154064383347631,0.005248784251820033,0.4637240684353238,0.0,0.42652198230967264,0.10172174780515864,-0.16638037453446586,0.07163632527305575,0.10172174780515864,0.1549205282745606,0.35214787806095293,True,False
-20.5,15.0,-25.0,-0.13271676622552225,-0.19791731322497352,0.005248784251820026,-20.50000000000001,-20.5,15.000000000000027,-25.000000000000053,-0.1327167662255223,-0.19791731322497352,0.005248784251820026,5.551115123125783e-17,-227.1889808794676,132.81101912053236,15.000000000000027,-25.000000000000053,0.20747083050871762,0.11722140333392693,0.005248784251820026,0.4637240684353237,2.7755575615628914e-17,0.4265219823096726,0.10172174780515864,-0.16481902734099377,0.07053152745508129,0.10172174780515865,0.1540217472910672,0.3538362429566062,True,False
-20.0,15.0,-25.0,-0.1309845803181308,-0.19906793471183493,0.005248784251820026,-19.99999999999999,-20.0,14.999999999999966,-24.999999999999947,-0.13098458031813076,-0.19906793471183495,0.005248784251820019,3.98609107286759e-17,-226.68898087946758,133.31101912053242,14.999999999999966,-24.999999999999947,0.20643999391785528,0.11902744146938599,0.005248784251820019,0.4637240684353238,1.0103182026100663e-16,0.4265219823096726,0.10172174780515862,-0.16324809854146144,0.06944039685613157,0.10172174780515862,0.15310826695420343,0.3555167003203403,True,False
-19.5,15.0,-25.0,-0.12924241942782064,-0.2002033964047451,0.005248784251820026,-19.499999999999996,-19.5,15.000000000000009,-25.000000000000018,-0.12924241942782064,-0.2002033964047451,0.005248784251820033,6.938893903907228e-18,-226.18898087946755,133.81101912053248,15.000000000000009,-25.000000000000018,0.20539343612219108,0.1208244152043436,0.005248784251820033,0.4637240684353238,4.163336342344337e-17,0.42652198230967264,0.10172174780515864,-0.16166770776817918,0.06836301657002626,0.10172174780515864,0.15218015682903369,0.35718912217882026,True,False
-19.0,15.0,-25.0,-0.12749041622688873,-0.20132361183390013,0.005248784251820026,-19.0,-19.0,14.999999999999966,-24.999999999999947,-0.12749041622688873,-0.20132361183390013,0.005248784251820019,6.938893903907228e-18,-225.68898087946758,134.31101912053242,14.999999999999966,-24.999999999999947,0.20433123682115334,0.12261218769229251,0.005248784251820019,0.4637240684353238,6.359601310784502e-17,0.42652198230967275,0.10172174780515862,-0.16007797537402305,0.06729946864344517,0.10172174780515862,0.15123748759473749,0.3588533811706468,True,False
-18.5,15.0,-25.0,-0.1257287041371619,-0.20242849569055793,0.005248784251820026,-18.500000000000007,-18.5,14.999999999999966,-24.999999999999947,-0.12572870413716192,-0.20242849569055793,0.005248784251820019,2.8609792490763984e-17,-225.18898087946758,134.81101912053242,14.999999999999966,-24.999999999999947,0.20325347690533097,0.12439062278743646,0.005248784251820019,0.4637240684353238,7.97218214573518e-17,0.4265219823096727,0.10172174780515862,-0.15847902242326975,0.06624983406968085,0.10172174780515862,0.1502803310392264,0.36050935055605415,True,False
-18.0,15.0,-25.0,-0.12395741731983653,-0.2035179638335351,0.005248784251820026,-18.000000000000014,-18.0,15.000000000000009,-25.000000000000018,-0.12395741731983659,-0.20351796383353507,0.005248784251820033,6.245004513516506e-17,-224.6889808794676,135.31101912053236,15.000000000000009,-25.000000000000018,0.20216023845031453,0.12615958505505706,0.005248784251820033,0.4637240684353237,5.551115123125783e-17,0.42652198230967264,0.10172174780515864,-0.156870970682377,0.06521419278246991,0.10172174780515864,0.14930876005367816,0.3621569042265622,True,False
-17.5,15.0,-25.0,-0.12217669066526163,-0.20459193329561456,0.005248784251820026,-17.499999999999993,-17.5,14.999999999999966,-24.999999999999947,-0.1221766906652616,-0.20459193329561456,0.005248784251820019,2.8609792490763984e-17,-224.18898087946758,135.81101912053242,14.999999999999966,-24.999999999999947,0.20105160471044486,0.12791893978182928,0.005248784251820019,0.46372406843532393,1.249000902703301e-16,0.42652198230967264,0.10172174780515862,-0.1552539426107108,0.06419262364990572,0.10172174780515862,0.14832284862698475,0.36379591671458056,True,False
-17.0,15.0,-25.0,-0.12038665978266629,-0.20565032228986363,0.005248784251820026,-17.0,-17.0,14.999999999999966,-24.999999999999947,-0.12038665978266627,-0.20565032228986369,0.005248784251820019,5.763878168445254e-17,-223.68898087946755,136.31101912053248,14.999999999999966,-24.999999999999947,0.19992766011247348,0.1296685529860787,0.005248784251820019,0.4637240684353238,4.163336342344337e-17,0.42652198230967275,0.10172174780515862,-0.1536280613512193,0.06318520446843331,0.10172174780515862,0.14732267184011855,0.3654262632029622,True,False
-16.5,15.0,-25.0,-0.11858746098983257,-0.20669305021586276,0.005248784251820026,-16.500000000000004,-16.5,14.999999999999966,-24.999999999999947,-0.11858746098983258,-0.20669305021586276,0.005248784251820019,1.5515838457795457e-17,-223.18898087946758,136.81101912053242,14.999999999999966,-24.999999999999947,0.19878849024913325,0.1314082914279859,0.005248784251820019,0.4637240684353238,4.163336342344337e-17,0.42652198230967275,0.10172174780515862,-0.15199345072105544,0.062192011956923365,0.10172174780515862,0.1463083058604142,0.3670478195345098,True,False
-16.0,15.0,-25.0,-0.11677923130271445,-0.20772003766584324,0.005248784251820026,-16.00000000000001,-16.0,15.000000000000009,-25.000000000000018,-0.11677923130271448,-0.20772003766584318,0.005248784251820033,6.245004513516506e-17,-222.68898087946758,137.31101912053242,15.000000000000009,-25.000000000000018,0.1976341818726195,0.13313802261973307,0.005248784251820033,0.4637240684353237,6.206335383118183e-17,0.42652198230967264,0.10172174780515864,-0.15035023520214716,0.06121312175083121,0.10172174780515864,0.14527982793576816,0.36866046222143095,True,False
-15.5,15.0,-25.0,-0.11496210842500346,-0.20873120643073464,0.005248784251820026,-15.500000000000016,-15.500000000000028,15.000000000000009,-25.000000000000018,-0.1149621084250035,-0.20873120643073462,0.005248784251820033,5.0515910130503314e-17,-222.1889808794676,137.81101912053236,15.000000000000009,-25.000000000000018,0.19646482288798445,0.13485761483559283,0.005248784251820033,0.46372406843532377,1.1775693440128312e-16,0.42652198230967275,0.10172174780515864,-0.14869853993171833,0.060248608396435796,0.10172174780515864,0.14423731638875661,0.3702640684547413,True,False
-15.0,15.0,-25.0,-0.113136230737642,-0.20972647950612067,0.005248784251820026,-14.999999999999996,-15.0,14.999999999999966,-24.999999999999947,-0.11313623073764198,-0.20972647950612067,0.005248784251820019,1.5515838457795457e-17,-221.68898087946758,138.31101912053242,14.999999999999966,-24.999999999999947,0.19528050234644184,0.13656693712196055,0.005248784251820019,0.4637240684353238,8.441528768080324e-17,0.42652198230967264,0.10172174780515864,-0.1470384906927584,0.059298545345163295,0.10172174780515862,0.14318085061066987,0.37185851611361753,True,False
-14.5,15.0,-25.0,-0.11130173728828516,-0.21070578109810315,0.005248784251820026,-14.500000000000002,-14.5,15.000000000000009,-25.000000000000018,-0.11130173728828516,-0.21070578109810312,0.005248784251820033,2.8609792490763984e-17,-221.18898087946755,138.81101912053248,15.000000000000009,-25.000000000000018,0.1940813104385864,0.138265859307326,0.005248784251820033,0.4637240684353238,3.1031676915590914e-17,0.4265219823096726,0.10172174780515862,-0.1453702139044443,0.05836300494799358,0.10172174780515864,0.1421105110554672,0.3734436837746973,True,False
-14.0,15.0,-25.0,-0.10945876778071159,-0.21166903662907446,0.005248784251820026,-14.000000000000007,-14.0,15.000000000000009,-25.000000000000018,-0.10945876778071162,-0.21166903662907444,0.005248784251820033,3.98609107286759e-17,-220.68898087946758,139.31101912053242,15.000000000000009,-25.000000000000018,0.1928673384875248,0.13995425201218703,0.005248784251820033,0.4637240684353238,2.7755575615628914e-17,0.42652198230967264,0.10172174780515864,-0.14369383661251234,0.05744205844994982,0.10172174780515864,0.14102637923364997,0.37501945072132586,True,False
-13.5,15.0,-25.0,-0.10760746256418469,-0.21261617274339645,0.005248784251820026,-13.500000000000012,-13.5,15.000000000000009,-25.000000000000018,-0.10760746256418473,-0.21261617274339642,0.005248784251820033,5.0515910130503314e-17,-220.18898087946758,139.81101912053242,15.000000000000009,-25.000000000000018,0.19163867894192094,0.14163198665890253,0.005248784251820033,0.4637240684353237,5.721958498152797e-17,0.42652198230967264,0.10172174780515864,-0.1420094864795837,0.05653577598467349,0.10172174780515864,0.1399285377060535,0.3765856969527496,True,False
-13.0,15.0,-25.0,-0.10574796262276429,-0.2135471173129871,0.005248784251820026,-12.999999999999993,-13.0,14.999999999999966,-24.999999999999947,-0.10574796262276426,-0.2135471173129871,0.005248784251820019,2.8609792490763984e-17,-219.68898087946755,140.31101912053248,14.999999999999966,-24.999999999999947,0.19039542536895643,0.14329893548148348,0.005248784251820019,0.4637240684353238,5.721958498152797e-17,0.42652198230967275,0.10172174780515862,-0.1403172917754421,0.05564422656908305,0.10172174780515862,0.13881707007756078,0.3781423031932541,True,False
-12.5,15.0,-25.0,-0.10388040956457029,-0.21446179944281302,0.005248784251820026,-12.499999999999998,-12.5,14.99999999999999,-24.999999999999986,-0.10388040956457026,-0.21446179944281302,0.0052487842518200226,2.797157557069881e-17,-219.18898087946758,140.81101912053242,14.99999999999999,-24.999999999999986,0.18913767244720425,0.14495497153532294,0.0052487842518200226,0.4637240684353238,2.7755575615628914e-17,0.42652198230967264,0.10172174780515864,-0.138617381367266,0.05476747809811845,0.10172174780515862,0.1376920609907349,0.3796891509012469,True,False
-12.0,15.0,-25.0,-0.10200494561099857,-0.2153601494762888,0.005248784251820026,-12.000000000000004,-12.0,14.999999999999966,-24.999999999999947,-0.10200494561099858,-0.2153601494762888,0.005248784251820019,1.5515838457795457e-17,-218.68898087946755,141.31101912053248,14.999999999999966,-24.999999999999947,0.18786551595941892,0.14659996870686415,0.005248784251820019,0.4637240684353239,6.798699777552591e-17,0.4265219823096727,0.10172174780515862,-0.13690988470981447,0.053905597339570066,0.10172174780515862,0.1365535961193734,0.381226122278287,True,False
-11.5,15.0,-25.0,-0.10012171358589037,-0.21624209900058117,0.005248784251820026,-11.50000000000001,-11.5,15.000000000000009,-25.000000000000018,-0.1001217135858904,-0.21624209900058114,0.005248784251820033,5.0515910130503314e-17,-218.1889808794676,141.81101912053236,15.000000000000009,-25.000000000000018,0.1865790527852424,0.14823380172320327,0.005248784251820033,0.4637240684353237,6.206335383118183e-17,0.4265219823096726,0.10172174780515864,-0.13519493183556872,0.05305864992899466,0.10172174780515864,0.13540176216198407,0.3827531002780527,True,False
-11.0,15.0,-25.0,-0.09823085690465563,-0.21710758085181936,0.005248784251820026,-11.000000000000004,-11.0,15.000000000000009,-25.000000000000018,-0.09823085690465565,-0.2171075808518193,0.005248784251820033,5.763878168445254e-17,-217.68898087946758,142.31101912053242,15.000000000000009,-25.000000000000018,0.18527838089382598,0.14985634616163088,0.005248784251820033,0.46372406843532377,1.3877787807814457e-17,0.42652198230967275,0.10172174780515865,-0.1334726533448298,0.05222670036471656,0.10172174780515864,0.13423664683518216,0.38426996861525803,True,False
-10.5,15.0,-25.0,-0.0963325195633514,-0.21795652912020952,0.005248784251820026,-10.500000000000009,-10.5,14.99999999999999,-24.999999999999986,-0.09633251956335141,-0.21795652912020946,0.0052487842518200226,5.732467154385379e-17,-217.18898087946758,142.81101912053242,14.99999999999999,-24.999999999999986,0.18396359933637013,0.15146747845910577,0.0052487842518200226,0.4637240684353237,6.206335383118183e-17,0.42652198230967275,0.10172174780515864,-0.13174318039577299,0.051409812002916236,0.10172174780515864,0.13305833886701085,0.3857766117745058,True,False
-10.0,15.0,-25.0,-0.09442684612771589,-0.21878887915505413,0.005248784251820026,-10.000000000000002,-10.0,15.000000000000009,-25.000000000000018,-0.09442684612771589,-0.21878887915505413,0.005248784251820033,6.938893903907228e-18,-216.68898087946758,143.31101912053242,15.000000000000009,-25.000000000000018,0.18263480823858086,0.1530670759216658,0.005248784251820033,0.46372406843532377,2.7755575615628914e-17,0.42652198230967264,0.10172174780515864,-0.13000664469445922,0.050608047052805,0.10172174780515864,0.13186692799018387,0.38727291501908634,True,False
-9.5,15.0,-25.0,-0.09251398172215934,-0.21960456756967553,0.005248784251820026,-9.500000000000007,-9.5,14.99999999999999,-24.999999999999986,-0.09251398172215936,-0.21960456756967553,0.0052487842518200226,1.4304896245381992e-17,-216.18898087946758,143.81101912053242,14.99999999999999,-24.999999999999986,0.18129210879304472,0.1546550167337712,0.0052487842518200226,0.4637240684353238,2.7755575615628914e-17,0.42652198230967264,0.10172174780515864,-0.1282631784848054,0.04982146657188799,0.10172174780515862,0.1306625049352521,0.38875876439971463,True,False
-9.0,15.0,-25.0,-0.09059407201871222,-0.22040353224624282,0.005248784251820026,-9.0,-9.0,15.000000000000009,-25.000000000000018,-0.09059407201871222,-0.22040353224624282,0.005248784251820033,6.938893903907228e-18,-215.68898087946758,144.31101912053242,15.000000000000009,-25.000000000000018,0.17993560325152308,0.156231179967581,0.005248784251820033,0.4637240684353238,0.0,0.42652198230967264,0.10172174780515864,-0.1265129145385135,0.049050130461314276,0.10172174780515864,0.1294451614236946,0.39023404676320744,True,False
-8.5,15.0,-25.0,-0.08866726322593166,-0.2211857123405026,0.005248784251820026,-8.500000000000005,-8.5,14.99999999999999,-24.999999999999986,-0.08866726322593167,-0.2211857123405026,0.0052487842518200226,1.4304896245381992e-17,-215.18898087946758,144.81101912053242,14.99999999999999,-24.999999999999986,0.17856539491716486,0.15779544559216266,0.0052487842518200226,0.4637240684353238,1.962615573354719e-17,0.42652198230967264,0.10172174780515864,-0.12475598614495949,0.04829409746131502,0.10172174780515864,0.12821499016093263,0.391698649761101,True,False
-8.0,15.0,-25.0,-0.08673370207776718,-0.22195104828641238,0.005248784251820026,-7.999999999999998,-8.0,14.999999999999952,-24.999999999999915,-0.08673370207776718,-0.22195104828641238,0.0052487842518200226,3.469446951953614e-18,-214.68898087946755,145.31101912053248,14.999999999999952,-24.999999999999915,0.1771815881366396,0.1593476944826327,0.0052487842518200226,0.4637240684353239,9.813077866773594e-17,0.42652198230967275,0.10172174780515862,-0.1229925271010427,0.04755342514673008,0.10172174780515862,0.12697208482927078,0.3931524618582068,True,False
-7.5,15.0,-25.0,-0.08479353582238629,-0.22269948180067667,0.005248784251820026,-7.500000000000004,-7.5,14.999999999999952,-24.999999999999915,-0.08479353582238632,-0.22269948180067667,0.0052487842518200226,2.797157557069881e-17,-214.18898087946758,145.81101912053242,14.999999999999952,-24.999999999999915,0.17578428829219145,0.16088780842922795,0.0052487842518200226,0.4637240684353238,1.1775693440128312e-16,0.4265219823096727,0.10172174780515861,-0.12122267170099695,0.04682816992262412,0.10172174780515862,0.1257165400807622,0.3945953723411046,True,False
-7.0,15.0,-25.0,-0.082846912210961,-0.2234309558871857,0.005248784251820026,-6.999999999999997,-7.0,15.00000000000004,-25.000000000000078,-0.082846912210961,-0.2234309558871857,0.005248784251820019,6.938893903907228e-18,-213.68898087946758,146.31101912053242,15.00000000000004,-25.000000000000078,0.1743736017936131,0.16241567014630898,0.005248784251820019,0.4637240684353237,1.962615573354719e-17,0.4265219823096726,0.10172174780515864,-0.11944655472616307,0.04611838701999041,0.10172174780515864,0.12444845153000025,0.3960272713265749,True,False
-6.5,15.0,-25.0,-0.080893979486416,-0.22414541484135586,0.005248784251820026,-6.500000000000003,-6.5,15.000000000000009,-25.000000000000018,-0.08089397948641601,-0.22414541484135586,0.005248784251820033,1.5515838457795457e-17,-213.18898087946758,146.81101912053242,15.000000000000009,-25.000000000000018,0.17294963607014346,0.16393116328129054,0.005248784251820033,0.4637240684353237,1.962615573354719e-17,0.4265219823096726,0.10172174780515864,-0.11766431143472535,0.04542413049154473,0.10172174780515864,0.12316791574683804,0.3974480497699661,True,False
-6.0,15.0,-25.0,-0.07893488637213932,-0.2248428042543716,0.005248784251820026,-6.000000000000009,-6.0,15.000000000000027,-25.000000000000053,-0.07893488637213934,-0.2248428042543716,0.005248784251820026,2.7755575615628914e-17,-212.68898087946758,147.31101912053242,15.000000000000027,-25.000000000000053,0.17151249956228531,0.16543417242350292,0.005248784251820026,0.46372406843532377,5.887846720064156e-17,0.4265219823096726,0.10172174780515865,-0.1158760775514106,0.04474545320760988,0.10172174780515865,0.12187503024903307,0.398857599473499,True,False
-5.5,15.0,-25.0,-0.07696978206065656,-0.2255230710173291,0.005248784251820026,-5.500000000000002,-5.5,14.999999999999952,-24.999999999999915,-0.07696978206065658,-0.2255230710173291,0.0052487842518200226,1.4304896245381992e-17,-212.18898087946755,147.81101912053248,14.999999999999952,-24.999999999999915,0.1700623017135478,0.16692458311298086,0.0052487842518200226,0.4637240684353239,8.777083671441753e-17,0.42652198230967264,0.10172174780515864,-0.11408198925715246,0.04408240685208843,0.10172174780515862,0.12056989349482158,0.4002558130945066,True,False
-5.0,15.0,-25.0,-0.07499881620226927,-0.22618616332528046,0.005248784251820026,-5.000000000000007,-5.0,14.99999999999999,-24.999999999999986,-0.0749988162022693,-0.22618616332528046,0.0052487842518200226,2.797157557069881e-17,-211.68898087946758,148.31101912053242,14.99999999999999,-24.999999999999986,0.16859915296211198,0.16840228184917977,0.0052487842518200226,0.46372406843532377,8.777083671441753e-17,0.42652198230967275,0.10172174780515864,-0.11228218317872067,0.04343504191852769,0.10172174780515864,0.11925260487542061,0.40164258415360765,True,False
-4.5,15.0,-25.0,-0.07302213889365843,-0.2268320306811793,0.005248784251820026,-4.5,-4.5,15.000000000000009,-25.000000000000018,-0.07302213889365843,-0.2268320306811793,0.005248784251820033,6.938893903907228e-18,-211.18898087946758,148.81101912053242,15.000000000000009,-25.000000000000018,0.16712316473241975,0.16986715609962005,0.005248784251820033,0.4637240684353237,1.3877787807814457e-17,0.42652198230967264,0.10172174780515865,-0.11047679637831624,0.042803407706273625,0.10172174780515864,0.1179232647074584,0.4030178070428175,True,False
-4.0,15.0,-25.0,-0.07103990066645414,-0.22746062389972585,0.005248784251820026,-4.000000000000005,-4.0,15.000000000000027,-25.000000000000053,-0.07103990066645417,-0.22746062389972582,0.005248784251820026,3.925231146709438e-17,-210.68898087946758,149.31101912053242,15.000000000000027,-25.000000000000053,0.1656344494266896,0.17131909430845593,0.005248784251820026,0.4637240684353238,3.1031676915590914e-17,0.42652198230967264,0.10172174780515864,-0.10866596634313404,0.042187552316716864,0.10172174780515864,0.11658197422533559,0.40438137703358845,True,False
-3.5,15.0,-25.0,-0.06905225247577194,-0.22807189511111284,0.005248784251820026,-3.4999999999999987,-3.5,15.000000000000027,-25.000000000000053,-0.06905225247577194,-0.2280718951111128,0.005248784251820026,2.7755575615628914e-17,-210.18898087946758,149.81101912053242,15.000000000000027,-25.000000000000053,0.16413312041635575,0.17275798590497132,0.005248784251820026,0.46372406843532377,1.962615573354719e-17,0.42652198230967264,0.10172174780515865,-0.10684983097489194,0.041587522649629824,0.10172174780515864,0.11522883557351546,0.4057331902847865,True,False
-3.0,15.0,-25.0,-0.06705934568871706,-0.2286657977646709,0.005248784251820026,-3.0000000000000044,-3.0,14.99999999999999,-24.999999999999986,-0.06705934568871708,-0.22866579776467086,0.0052487842518200226,3.122502256758253e-17,-209.68898087946755,150.31101912053248,14.99999999999999,-24.999999999999986,0.16261929203343492,0.1741837213120004,0.0052487842518200226,0.4637240684353238,1.962615573354719e-17,0.42652198230967264,0.10172174780515862,-0.1050285285793299,0.041003364399594705,0.10172174780515864,0.11386395179874514,0.4070731438505988,True,False
-2.5,15.0,-25.0,-0.06506133207285716,-0.2292422866324135,0.005248784251820026,-2.4999999999999973,-2.5,14.99999999999999,-24.999999999999986,-0.06506133207285715,-0.2292422866324135,0.0052487842518200226,1.4304896245381992e-17,-209.18898087946758,150.81101912053242,14.99999999999999,-24.999999999999986,0.16109307956181965,0.17559619195427179,0.0052487842518200226,0.4637240684353238,0.0,0.42652198230967264,0.10172174780515864,-0.10320219785567665,0.04043512205252395,0.10172174780515862,0.11248742684220853,0.4084011356883734,True,False
-2.0,15.0,-25.0,-0.06305836378466473,-0.22980131781248142,0.005248784251820026,-2.0000000000000027,-2.0,15.000000000000027,-25.000000000000053,-0.06305836378466473,-0.22980131781248145,0.005248784251820026,2.7755575615628914e-17,-208.68898087946758,151.31101912053242,15.000000000000027,-25.000000000000053,0.15955459922849846,0.17699529026667754,0.005248784251820026,0.4637240684353237,1.3877787807814457e-17,0.4265219823096727,0.10172174780515864,-0.1013709778860878,0.039882838882272315,0.10172174780515864,0.11109936553161051,0.4097170646663905,True,False
-1.5,15.0,-25.0,-0.0610505933579297,-0.230342848732486,0.005248784251820026,-1.4999999999999958,-1.5,14.99999999999999,-24.999999999999986,-0.06105059335792968,-0.23034284873248598,0.0052487842518200226,3.4867510341210807e-17,-208.18898087946755,151.81101912053248,14.99999999999999,-24.999999999999986,0.15800396819470525,0.17838090970246448,0.0052487842518200226,0.4637240684353238,3.3993498887762956e-17,0.4265219823096727,0.10172174780515862,-0.09953500812505382,0.0393465569473415,0.10172174780515864,0.10969987357319384,0.4110208305715635,True,False
-1.0,15.0,-25.0,-0.059038173692143495,-0.230866838152751,0.005248784251820026,-1.0000000000000013,-1.0,14.999999999999952,-24.999999999999915,-0.0590381736921435,-0.230866838152751,0.0052487842518200226,7.757919228897728e-18,-207.68898087946758,152.31101912053242,14.999999999999952,-24.999999999999915,0.15644130454699695,0.17975294474134762,0.0052487842518200226,0.4637240684353238,1.0103182026100663e-16,0.42652198230967264,0.10172174780515862,-0.09769442838878035,0.03882631708767702,0.10172174780515862,0.10828905754368975,0.4123123341170709,True,False
-0.5,15.0,-25.0,-0.05702125804085504,-0.23137324616945332,0.005248784251820026,-0.5000000000000071,-0.5,14.99999999999999,-24.999999999999986,-0.05702125804085507,-0.23137324616945332,0.0052487842518200226,2.797157557069881e-17,-207.18898087946758,152.81101912053242,14.99999999999999,-24.999999999999986,0.15486672728826006,0.18111129089754704,0.0052487842518200226,0.4637240684353239,3.3993498887762956e-17,0.42652198230967264,0.10172174780515864,-0.09584937884454035,0.03832215892155859,0.10172174780515862,0.10686702488220073,0.41359147694991755,True,False
0.0,15.0,-25.0,-0.055,-0.23186203421766188,0.005248784251820026,0.0,0.0,15.000000000000009,-25.000000000000018,-0.055,-0.23186203421766186,0.005248784251820033,2.8609792490763984e-17,-206.68898087946758,153.31101912053242,15.000000000000009,-25.000000000000018,0.15328035632864934,0.18245584472774365,0.005248784251820033,0.4637240684353237,0.0,0.42652198230967264,0.10172174780515864,-0.094,0.037834120842582294,0.10172174780515864,0.10543388388201994,0.4148581616584243,True,False
0.5,15.0,-25.0,-0.0529745534962038,-0.23233316507427443,0.005248784251820026,0.49999999999999434,0.5,15.000000000000009,-25.000000000000018,-0.05297455349620382,-0.23233316507427443,0.005248784251820033,2.1942709178604383e-17,-206.18898087946758,153.81101912053242,15.000000000000009,-25.000000000000018,0.1516823124764552,0.18378650383895773,0.005248784251820033,0.4637240684353238,3.1031676915590914e-17,0.4265219823096727,0.10172174780515864,-0.09214643269251852,0.03736224001673742,0.10172174780515864,0.103989743682383,0.4161122917796465,True,False
1.0,15.0,-25.0,-0.05094507277505955,-0.23278660286085218,0.005248784251820026,1.0000000000000013,1.0,14.999999999999966,-24.999999999999947,-0.050945072775059545,-0.23278660286085218,0.005248784251820019,9.813077866773595e-18,-205.68898087946755,154.31101912053248,14.999999999999966,-24.999999999999947,0.15007271742890393,0.18510316689634615,0.005248784251820019,0.4637240684353238,5.721958498152797e-17,0.42652198230967264,0.10172174780515864,-0.09028881807842269,0.03690655237957588,0.10172174780515864,0.10253471426015723,0.4173537718067198,True,False
1.5,15.0,-25.0,-0.04891171238938159,-0.23322231304635205,0.005248784251820026,1.4999999999999958,1.5,14.99999999999999,-24.999999999999986,-0.04891171238938161,-0.23322231304635202,0.0052487842518200226,3.4867510341210807e-17,-205.18898087946758,154.81101912053242,14.99999999999999,-24.999999999999986,0.1484516937628904,0.18640573363091922,0.0052487842518200226,0.46372406843532377,3.3993498887762956e-17,0.4265219823096726,0.10172174780515862,-0.08842729762225747,0.03646709263347549,0.10172174780515864,0.10106890642146678,0.4185825071961333,True,False
2.0,15.0,-25.0,-0.046874627187435805,-0.23364026244975655,0.005248784251820026,2.0000000000000027,2.0,14.99999999999999,-24.999999999999986,-0.0468746271874358,-0.23364026244975655,0.0052487842518200226,7.757919228897728e-18,-204.68898087946758,155.31101912053242,14.99999999999999,-24.999999999999986,0.14681936492564263,0.18769410484717733,0.0052487842518200226,0.46372406843532377,3.1031676915590914e-17,0.4265219823096727,0.10172174780515864,-0.08656201308601273,0.03604389424499721,0.10172174780515864,0.09959243179325339,0.41979840437493043,True,False
2.5,15.0,-25.0,-0.0448339723011472,-0.23404041924260047,0.005248784251820026,2.4999999999999973,2.5,14.999999999999966,-24.999999999999947,-0.044833972301147204,-0.2340404192426005,0.005248784251820019,2.943923360032078e-17,-204.18898087946758,155.81101912053242,14.999999999999966,-24.999999999999947,0.14517585522532156,0.18896818243066396,0.005248784251820019,0.4637240684353238,5.551115123125783e-17,0.42652198230967275,0.10172174780515864,-0.08469310651832772,0.03563698944233695,0.10172174780515862,0.09810540281477662,0.42100137074783306,True,False
3.0,15.0,-25.0,-0.04278990313428606,-0.2344227529513947,0.005248784251820026,3.0000000000000044,3.0,15.000000000000009,-25.000000000000018,-0.042789903134286045,-0.2344227529513947,0.005248784251820033,1.5515838457795457e-17,-203.68898087946758,156.31101912053242,15.000000000000009,-25.000000000000018,0.1435212898215539,0.1902278693554384,0.005248784251820033,0.46372406843532377,1.3877787807814457e-17,0.42652198230967264,0.10172174780515864,-0.08282072024367323,0.035246409212870894,0.10172174780515864,0.0966079327290503,0.4221913147042944,True,False
3.5,15.0,-25.0,-0.040742575350633414,-0.2347872344599471,0.005248784251820026,3.4999999999999987,3.5,15.000000000000009,-25.000000000000018,-0.040742575350633414,-0.2347872344599471,0.005248784251820033,6.938893903907228e-18,-203.18898087946755,156.81101912053248,15.000000000000009,-25.000000000000018,0.14185579471590093,0.19147306969146433,0.005248784251820033,0.4637240684353237,1.962615573354719e-17,0.42652198230967275,0.10172174780515864,-0.08094499685151339,0.03487218330079553,0.10172174780515864,0.09510013557421913,0.4233681456254754,True,False
4.0,15.0,-25.0,-0.038692144862126514,-0.23513383601157964,0.005248784251820026,3.999999999999993,4.0,15.000000000000009,-25.000000000000018,-0.038692144862126555,-0.2351338360115796,0.005248784251820033,5.0515910130503314e-17,-202.68898087946758,157.31101912053242,15.000000000000009,-25.000000000000018,0.14017949674226354,0.19270368861191509,0.005248784251820033,0.4637240684353237,3.1031676915590914e-17,0.42652198230967264,0.10172174780515864,-0.07906607918544671,0.03451434020486305,0.10172174780515864,0.09358212617487435,0.4245317738911447,True,False
4.5,15.0,-25.0,-0.03663876781698565,-0.23546253121124225,0.005248784251820026,4.5,4.5,15.000000000000009,-25.000000000000018,-0.03663876781698565,-0.23546253121124222,0.005248784251820033,2.8609792490763984e-17,-202.18898087946758,157.81101912053242,15.000000000000009,-25.000000000000018,0.13849252355722205,0.19391963240039548,0.005248784251820033,0.4637240684353238,4.163336342344337e-17,0.4265219823096726,0.10172174780515865,-0.07718411033232782,0.0341729071762107,0.10172174780515864,0.09205402013330866,0.4256821108865052,True,False
5.0,15.0,-25.0,-0.034582600587822754,-0.23577329502752287,0.005248784251820026,4.999999999999995,5.0,14.99999999999999,-24.999999999999986,-0.03458260058782277,-0.23577329502752284,0.0052487842518200226,3.122502256758253e-17,-201.68898087946758,158.31101912053242,14.99999999999999,-24.999999999999986,0.13679500363031616,0.1951208084580781,0.0052487842518200226,0.4637240684353238,3.1031676915590914e-17,0.4265219823096727,0.10172174780515864,-0.0752992336113714,0.03384791021628525,0.10172174780515861,0.09051593382071363,0.4268190690089406,True,False
5.5,15.0,-25.0,-0.032523799759733116,-0.23606610379455373,0.005248784251820026,5.500000000000002,5.5,14.999999999999952,-24.999999999999915,-0.03252379975973311,-0.23606610379455373,0.0052487842518200226,7.757919228897728e-18,-201.18898087946758,158.81101912053242,14.999999999999952,-24.999999999999915,0.13508706623426042,0.19630712531075578,0.0052487842518200226,0.4637240684353239,3.925231146709438e-17,0.4265219823096727,0.10172174780515864,-0.0734115925632372,0.033539374074863806,0.10172174780515862,0.08896798436831682,0.42794256167468825,True,False
6.0,15.0,-25.0,-0.03046252211837075,-0.2363409352138135,0.005248784251820026,5.999999999999996,6.0,15.000000000000009,-25.000000000000018,-0.03046252211837077,-0.23634093521381347,0.005248784251820033,3.5381555418772973e-17,-200.68898087946755,159.31101912053248,15.000000000000009,-25.000000000000018,0.1333688414351,0.19747849261580708,0.005248784251820033,0.4637240684353238,3.1031676915590914e-17,0.4265219823096727,0.10172174780515864,-0.0715213309390995,0.033247322248167954,0.10172174780515864,0.08741028965846206,0.42905250332543166,True,False
6.5,15.0,-25.0,-0.028398924638008624,-0.23659776835582563,0.005248784251820026,6.500000000000003,6.5,14.99999999999999,-24.999999999999986,-0.028398924638008617,-0.23659776835582563,0.0052487842518200226,7.757919228897728e-18,-200.18898087946758,159.81101912053242,14.99999999999999,-24.999999999999986,0.13164046008230593,0.1986348211690766,0.0052487842518200226,0.4637240684353238,3.1031676915590914e-17,0.4265219823096726,0.10172174780515864,-0.06962859268969929,0.03297177697707504,0.10172174780515864,0.08584296831563255,0.4301488094348167,True,False
7.0,15.0,-25.0,-0.02633316446958442,-0.23683658366175192,0.005248784251820026,6.999999999999997,7.0,15.00000000000004,-25.000000000000078,-0.02633316446958444,-0.23683658366175192,0.005248784251820019,2.1942709178604383e-17,-199.68898087946758,160.31101912053242,15.00000000000004,-25.000000000000078,0.1299020537988098,0.19977602291166804,0.005248784251820019,0.46372406843532366,1.962615573354719e-17,0.4265219823096726,0.10172174780515864,-0.06773352195438236,0.03271275924542419,0.10172174780515864,0.08426613969741663,0.43123139651488906,True,False
7.5,15.0,-25.0,-0.02426539892873286,-0.23705736294488233,0.005248784251820026,7.499999999999991,7.5,14.99999999999999,-24.999999999999986,-0.0242653989287329,-0.23705736294488233,0.0052487842518200226,4.1777673608052095e-17,-199.18898087946758,160.81101912053242,14.99999999999999,-24.999999999999986,0.1281537549709807,0.20090201093665055,0.0052487842518200226,0.4637240684353238,5.003707553108401e-17,0.4265219823096726,0.10172174780515861,-0.06583626305012227,0.032470288778418566,0.10172174780515864,0.08267992388541849,0.4323001821224508,True,False
8.0,15.0,-25.0,-0.02219578548380556,-0.23726008939201956,0.005248784251820026,7.999999999999998,8.0,14.999999999999952,-24.999999999999915,-0.022195785483805568,-0.2372600893920196,0.0052487842518200226,2.881939084222627e-17,-198.68898087946758,161.31101912053242,14.999999999999952,-24.999999999999915,0.1263956967385431,0.20201269949567646,0.0052487842518200226,0.4637240684353239,7.076311083754595e-17,0.42652198230967275,0.10172174780515862,-0.06393696046053003,0.032244384041122925,0.10172174780515862,0.08108444167611348,0.43335508486534025,True,False
8.5,15.0,-25.0,-0.020124481743879194,-0.23744474756475978,0.005248784251820026,8.499999999999993,8.5,14.999999999999966,-24.999999999999947,-0.020124481743879218,-0.23744474756475978,0.005248784251820019,2.5257955065251657e-17,-198.18898087946758,161.81101912053242,14.999999999999966,-24.999999999999947,0.12462801298443793,0.20310800400551182,0.005248784251820019,0.4637240684353239,8.694409141350492e-17,0.42652198230967275,0.10172174780515862,-0.06203575882485142,0.03203506223705775,0.10172174780515862,0.07947981457164895,0.43439602440862896,True,False
9.0,15.0,-25.0,-0.01805164544675294,-0.2376113234006682,0.005248784251820026,9.0,9.0,15.000000000000009,-25.000000000000018,-0.01805164544675294,-0.2376113234006682,0.005248784251820033,6.938893903907228e-18,-197.68898087946758,162.31101912053242,15.000000000000009,-25.000000000000018,0.12285083832462709,0.20418784105447746,0.005248784251820033,0.4637240684353238,1.3877787807814457e-17,0.42652198230967264,0.10172174780515864,-0.060132802926951674,0.03184233930688889,0.10172174780515864,0.07786616477059155,0.4354229214807407,True,False
9.5,15.0,-25.0,-0.015977434446936112,-0.23775980421435008,0.005248784251820026,9.499999999999995,9.5,14.999999999999966,-24.999999999999947,-0.01597743444693613,-0.23775980421435008,0.005248784251820019,1.8683543625880677e-17,-197.18898087946758,162.81101912053242,14.999999999999966,-24.999999999999947,0.1210643080978415,0.20525212840880147,0.005248784251820019,0.4637240684353238,5.721958498152797e-17,0.42652198230967275,0.10172174780515864,-0.0582282376842901,0.03166622992721338,0.10172174780515862,0.07624361515862119,0.4364356978794877,True,False
10.0,15.0,-25.0,-0.013902006703627009,-0.23789017869841647,0.005248784251820026,10.000000000000002,10.0,15.000000000000009,-25.000000000000018,-0.013902006703627009,-0.23789017869841644,0.005248784251820033,2.8609792490763984e-17,-196.68898087946755,163.31101912053248,15.000000000000009,-25.000000000000018,0.11926855835527461,0.20630078501888124,0.005248784251820033,0.46372406843532377,3.469446951953614e-17,0.42652198230967264,0.10172174780515864,-0.0563222081368837,0.031506747509442684,0.10172174780515864,0.07461228929917257,0.437434276478026,True,False
10.5,15.0,-25.0,-0.011825520268683606,-0.23800243692434575,0.005248784251820026,10.499999999999996,10.5,14.999999999999966,-24.999999999999947,-0.011825520268683633,-0.23800243692434575,0.005248784251820019,2.8609792490763984e-17,-196.18898087946758,163.81101912053242,14.999999999999966,-24.999999999999947,0.11746372585022219,0.20733373102545585,0.005248784251820019,0.4637240684353238,4.163336342344337e-17,0.42652198230967275,0.10172174780515864,-0.054414859436262036,0.03136390419877991,0.10172174780515862,0.07297231142402619,0.4384185812307292,True,False
11.0,15.0,-25.0,-0.009748133274587397,-0.23809657034323928,0.005248784251820026,10.99999999999999,11.0,15.000000000000009,-25.000000000000018,-0.009748133274587439,-0.23809657034323925,0.005248784251820033,5.0515910130503314e-17,-195.68898087946758,164.31101912053242,15.000000000000009,-25.000000000000018,0.11564994802766673,0.2083508877656877,0.005248784251820033,0.4637240684353237,3.98609107286759e-17,0.4265219823096727,0.10172174780515865,-0.05250633683441328,0.03123771087329663,0.10172174780515864,0.07132380642384621,0.43938853717897947,True,False
11.5,15.0,-25.0,-0.0076700039224008795,-0.23817257178647286,0.005248784251820026,11.499999999999996,11.5,15.000000000000009,-25.000000000000018,-0.0076700039224009,-0.23817257178647283,0.005248784251820033,3.5381555418772973e-17,-195.18898087946758,164.81101912053242,15.000000000000009,-25.000000000000018,0.11382736301381213,0.20935217777915288,0.005248784251820033,0.4637240684353237,3.1031676915590914e-17,0.42652198230967264,0.10172174780515864,-0.05059678567272261,0.031128177143102995,0.10172174780515864,0.06966689983867116,0.44034407045687607,True,False
12.0,15.0,-25.0,-0.005591290469720053,-0.23823043546624229,0.005248784251820026,11.999999999999991,12.0,15.000000000000009,-25.000000000000018,-0.005591290469720098,-0.23823043546624229,0.005248784251820033,4.563344992840996e-17,-194.68898087946758,165.31101912053242,15.000000000000009,-25.000000000000018,0.11199610960556344,0.21033752481374032,0.005248784251820033,0.4637240684353237,4.163336342344337e-17,0.42652198230967264,0.10172174780515864,-0.04868635137090423,0.031035311349616596,0.10172174780515864,0.06800171784835239,0.44128510829686024,True,False
12.5,15.0,-25.0,-0.0035121512186223995,-0.23827015697600434,0.005248784251820026,12.499999999999998,12.5,14.999999999999966,-24.999999999999947,-0.0035121512186223995,-0.23827015697600434,0.005248784251820019,6.938893903907228e-18,-194.18898087946755,165.81101912053248,14.999999999999966,-24.999999999999947,0.11015632725995765,0.21130685383145842,0.005248784251820019,0.4637240684353238,4.85722573273506e-17,0.42652198230967275,0.10172174780515862,-0.046775179415926654,0.030959120564927056,0.10172174780515862,0.06632838726294543,0.4422115790352574,True,False
13.0,15.0,-25.0,-0.001432744503611593,-0.23829173329081224,0.005248784251820026,12.999999999999993,13.0,14.999999999999966,-24.999999999999947,-0.0014327445036116208,-0.2382917332908122,0.005248784251820019,3.98609107286759e-17,-193.68898087946758,166.31101912053242,14.999999999999966,-24.999999999999947,0.10830815608354363,0.21226009101414933,0.005248784251820019,0.4637240684353237,4.654751537338637e-17,0.42652198230967275,0.10172174780515862,-0.044863415350933786,0.030899610591257898,0.10172174780515862,0.0646470355130531,0.44312341211773343,True,False
13.5,15.0,-25.0,0.0006467713204402585,-0.23829516276754603,0.005248784251820026,13.5,13.5,15.000000000000027,-25.000000000000053,0.000646771320440255,-0.23829516276754603,0.005248784251820026,3.469446951953614e-18,-193.18898087946758,166.81101912053242,15.000000000000027,-25.000000000000053,0.10645173682171158,0.2131971637691113,0.005248784251820026,0.4637240684353237,4.163336342344337e-17,0.42652198230967264,0.10172174780515864,-0.042951204764160776,0.030856785960523908,0.10172174780515864,0.06295779064012044,0.44402053810466907,True,False
14.0,15.0,-25.0,0.0027262378903519825,-0.2382804451450379,0.005248784251820026,13.999999999999995,14.0,15.000000000000009,-25.000000000000018,0.0027262378903519513,-0.23828044514503788,0.005248784251820033,4.2349997174859565e-17,-192.68898087946758,167.31101912053242,15.000000000000009,-25.000000000000018,0.10458721084797598,0.21411800073462584,0.005248784251820033,0.4637240684353237,7.376145397762941e-17,0.42652198230967253,0.10172174780515864,-0.04103869327784733,0.03083064993398632,0.10172174780515864,0.06126078128668502,0.4449028886764469,True,False
14.5,15.0,-25.0,0.004805496846693298,-0.2382475815440917,0.005248784251820026,14.500000000000002,14.5,15.000000000000027,-25.000000000000053,0.004805496846693295,-0.2382475815440917,0.005248784251820026,3.469446951953614e-18,-192.18898087946758,167.81101912053242,15.000000000000027,-25.000000000000053,0.10271472015320848,0.21502253178539282,0.005248784251820026,0.4637240684353237,0.0,0.4265219823096726,0.10172174780515864,-0.03912602653714756,0.03082120450200508,0.10172174780515864,0.05955613668657922,0.445770396638655,True,False
15.0,15.0,-25.0,0.006884389845844486,-0.23819657446739795,0.005248784251820026,14.999999999999996,15.0,14.999999999999966,-24.999999999999947,0.0068843898458444755,-0.23819657446739795,0.005248784251820019,1.2509268882771003e-17,-191.68898087946755,168.31101912053248,14.999999999999966,-24.999999999999947,0.100834407334825,0.2159106880378709,0.005248784251820019,0.4637240684353238,8.469999434971913e-17,0.42652198230967264,0.10172174780515864,-0.0372133501990391,0.030828450383886014,0.10172174780515862,0.057843986655089066,0.4466229959272031,True,False
15.5,15.0,-25.0,0.008962758572054925,-0.2381274277993429,0.005248784251820026,15.500000000000004,15.5,15.000000000000009,-25.000000000000018,0.008962758572054929,-0.23812742779934287,0.005248784251820033,2.881939084222627e-17,-191.18898087946758,168.81101912053242,15.000000000000009,-25.000000000000018,0.09894641558592679,0.21678240185552253,0.005248784251820033,0.4637240684353237,4.163336342344337e-17,0.42652198230967264,0.10172174780515864,-0.03530080992123023,0.030852387027827485,0.10172174780515864,0.05612446157906842,0.44746062161335437,True,False
16.0,15.0,-25.0,0.011040444749499372,-0.23804014680571314,0.005248784251820026,15.999999999999996,16.0,14.99999999999999,-24.999999999999986,0.011040444749499355,-0.23804014680571314,0.0052487842518200226,1.7690777709386487e-17,-190.68898087946758,169.31101912053242,14.99999999999999,-24.999999999999986,0.09705088868439508,0.21763760685396577,0.0052487842518200226,0.46372406843532377,5.594315114139762e-17,0.4265219823096727,0.10172174780515864,-0.033388551351067955,0.03089301261096128,0.10172174780515862,0.05439769240700923,0.44828320990866993,True,False
16.5,15.0,-25.0,0.013117290154331333,-0.23793473813329424,0.005248784251820026,16.500000000000004,16.5,14.999999999999966,-24.999999999999947,0.013117290154331343,-0.23793473813329424,0.005248784251820019,1.2509268882771003e-17,-190.18898087946755,169.81101912053248,14.999999999999966,-24.999999999999947,0.09514797098194216,0.21847623790602883,0.005248784251820019,0.4637240684353238,6.691626947686432e-17,0.42652198230967275,0.10172174780515862,-0.03147672011444579,0.030950324039491828,0.10172174780515862,0.05266381063906932,0.4490906981698664,True,False
17.0,15.0,-25.0,0.015193136626732384,-0.23781120980936465,0.005248784251820026,17.0,17.0,14.99999999999999,-24.999999999999986,0.015193136626732363,-0.2378112098093647,0.0052487842518200226,5.93873657494515e-17,-189.68898087946758,170.31101912053242,14.99999999999999,-24.999999999999986,0.09323780739311884,0.21929823114671007,0.0052487842518200226,0.46372406843532377,1.962615573354719e-17,0.4265219823096726,0.10172174780515862,-0.02956546180471458,0.03102431694893229,0.10172174780515864,0.0509229483170585,0.44988302490358606,True,False
17.5,15.0,-25.0,0.017267826082956673,-0.2376695712410846,0.005248784251820026,17.499999999999993,17.5,14.999999999999966,-24.999999999999947,0.017267826082956652,-0.2376695712410846,0.005248784251820019,2.1942709178604383e-17,-189.18898087946758,170.81101912053242,14.999999999999966,-24.999999999999947,0.09132054338427745,0.22010352397804203,0.005248784251820019,0.4637240684353238,1.1714201148076235e-16,0.4265219823096727,0.10172174780515862,-0.027654921971594214,0.031114985704435688,0.10172174780515862,0.04917523801438234,0.45066012977108094,True,False
18.0,15.0,-25.0,0.019341200527369637,-0.2375098332147793,0.005248784251820026,18.0,18.0,15.000000000000009,-25.000000000000018,0.01934120052736963,-0.2375098332147793,0.005248784251820033,9.813077866773595e-18,-188.68898087946758,171.31101912053242,15.000000000000009,-25.000000000000018,0.08939632496249561,0.2208920550738575,0.005248784251820033,0.46372406843532377,2.8609792490763984e-17,0.42652198230967264,0.10172174780515864,-0.02574524611008993,0.031222323401225674,0.10172174780515864,0.047420812825947144,0.45142195359280624,True,False
18.5,15.0,-25.0,0.021413102064479966,-0.23733200789511805,0.005248784251820026,18.499999999999993,18.5,15.000000000000009,-25.000000000000018,0.021413102064479925,-0.23733200789511802,0.005248784251820033,5.0515910130503314e-17,-188.18898087946758,171.81101912053242,15.000000000000009,-25.000000000000018,0.08746529866445592,0.22166376438446073,0.005248784251820033,0.4637240684353237,2.0816681711721685e-17,0.4265219823096727,0.10172174780515864,-0.023836579649412264,0.03134632186512079,0.10172174780515864,0.04565980635802347,0.4521684383529288,True,False
19.0,15.0,-25.0,0.023483372910963876,-0.23713610882418734,0.005248784251820026,19.0,19.0,15.000000000000009,-25.000000000000018,0.023483372910963862,-0.23713610882418734,0.005248784251820033,1.5515838457795457e-17,-187.68898087946755,172.31101912053248,15.000000000000009,-25.000000000000018,0.08552761154528717,0.22241859314120005,0.005248784251820033,0.4637240684353238,2.8609792490763984e-17,0.42652198230967264,0.10172174780515864,-0.02192906794190181,0.03148697165315799,0.10172174780515864,0.043892352718071785,0.45289952720374377,True,False
19.5,15.0,-25.0,0.025551855407681026,-0.23692215092045993,0.005248784251820026,19.499999999999996,19.5,14.999999999999952,-24.999999999999915,0.02555185540768102,-0.23692215092045993,0.0052487842518200226,7.757919228897728e-18,-187.18898087946758,172.81101912053242,14.999999999999952,-24.999999999999915,0.08358341116736583,0.22315648386094294,0.0052487842518200226,0.4637240684353238,5.763878168445254e-17,0.42652198230967275,0.10172174780515862,-0.020022856251960416,0.03164426205431134,0.10172174780515862,0.04211858650453,0.4536151644700048,True,False
20.0,15.0,-25.0,0.027618392031680858,-0.23669015047765846,0.005248784251820026,19.99999999999999,20.0,14.99999999999999,-24.999999999999986,0.027618392031680823,-0.23669015047765846,0.0052487842518200226,3.4867510341210807e-17,-186.68898087946758,173.31101912053242,14.99999999999999,-24.999999999999986,0.08163284558907756,0.22387738035045443,0.0052487842518200226,0.4637240684353238,4.654751537338637e-17,0.42652198230967253,0.10172174780515862,-0.018118089744988485,0.03181818109030807,0.10172174780515862,0.04033864279656233,0.4543152956531631,True,False
20.5,15.0,-25.0,0.02968282540819854,-0.23644012516351495,0.005248784251820026,20.499999999999996,20.5,15.000000000000009,-25.000000000000018,0.029682825408198513,-0.23644012516351492,0.005248784251820033,3.98609107286759e-17,-186.18898087946758,173.81101912053242,15.000000000000009,-25.000000000000018,0.07967606335354335,0.22458122771067565,0.005248784251820033,0.46372406843532377,1.5515838457795457e-17,0.42652198230967264,0.10172174780515864,-0.016214913476329994,0.03200871551653987,0.10172174780515864,0.03855265714377375,0.45499986743551873,True,False
21.0,15.0,-25.0,0.031744998322639655,-0.2361720940184251,0.005248784251820026,21.000000000000004,21.0,14.99999999999999,-24.999999999999986,0.03174499832263966,-0.2361720940184251,0.0052487842518200226,7.757919228897728e-18,-185.68898087946758,174.31101912053242,14.99999999999999,-24.999999999999986,0.07771321347730638,0.2252679723409052,0.0052487842518200226,0.4637240684353238,1.3877787807814457e-17,0.4265219823096726,0.10172174780515864,-0.01431347238022633,0.032215850823072684,0.10172174780515864,0.03676076555588635,0.4556688276842798,True,False
21.5,15.0,-25.0,0.03380475373255272,-0.2358860774539983,0.005248784251820026,21.5,21.5,14.999999999999952,-24.999999999999915,0.03380475373255273,-0.2358860774539983,0.0052487842518200226,7.757919228897728e-18,-185.18898087946755,174.81101912053248,14.999999999999952,-24.999999999999915,0.07574444543898406,0.2259375619428806,0.0052487842518200226,0.4637240684353239,1.2794688166302258e-16,0.42652198230967264,0.10172174780515862,-0.012413911258778734,0.032439571235750864,0.10172174780515862,0.03496310449238206,0.45632212545553363,True,False
22.0,15.0,-25.0,0.035861934779588635,-0.2355820972515033,0.005248784251820026,21.999999999999993,22.0,14.999999999999936,-24.99999999999989,0.03586193477958863,-0.2355820972515033,0.0052487842518200295,7.757919228897728e-18,-184.68898087946758,175.31101912053242,14.999999999999936,-24.99999999999989,0.07376990916788521,0.22658994552476108,0.0052487842518200295,0.4637240684353239,7.505561329662603e-17,0.4265219823096727,0.10172174780515861,-0.010516374770920989,0.03267985971739899,0.10172174780515861,0.03315981085211106,0.4569597109981253,True,False
22.5,15.0,-25.0,0.037916384801445976,-0.2352601765602094,0.005248784251820026,22.5,22.5,14.999999999999966,-24.999999999999947,0.03791638480144598,-0.23526017656020942,0.005248784251820019,2.943923360032078e-17,-184.18898087946758,175.81101912053242,14.999999999999966,-24.999999999999947,0.07178975503259122,0.2272250734050113,0.005248784251820019,0.4637240684353238,2.4037033579794548e-17,0.4265219823096726,0.10172174780515862,-0.008621007421403301,0.03293669796911883,0.10172174780515862,0.0313510219628654,0.45758153575744737,True,False
23.0,15.0,-25.0,0.039967947343801415,-0.2349203398956236,0.005248784251820026,22.999999999999993,23.0,15.000000000000009,-25.000000000000018,0.03996794734380139,-0.2349203398956236,0.005248784251820033,2.8609792490763984e-17,-183.68898087946758,176.31101912053242,15.000000000000009,-25.000000000000018,0.06980413382950625,0.227842897216184,0.005248784251820033,0.46372406843532377,1.962615573354719e-17,0.4265219823096726,0.10172174780515864,-0.00672795354978753,0.033210066431683005,0.10172174780515862,0.02953687557092231,0.4581875523791369,True,False
23.5,15.0,-25.0,0.04201646617222443,-0.23456261313762372,0.005248784251820026,23.5,23.5,15.000000000000009,-25.000000000000018,0.042016466172224425,-0.23456261313762372,0.005248784251820033,9.813077866773595e-18,-183.18898087946758,176.81101912053242,15.000000000000009,-25.000000000000018,0.06781319677137247,0.22844336990860412,0.005248784251820033,0.4637240684353238,6.938893903907228e-18,0.4265219823096726,0.10172174780515864,-0.004837357319455206,0.03349994428702474,0.10172174780515864,0.027717509830553197,0.4587777147126819,True,False
24.0,15.0,-25.0,0.044061785284075075,-0.23418702352848733,0.005248784251820026,23.999999999999996,24.0,14.99999999999999,-24.999999999999986,0.04406178528407505,-0.23418702352848736,0.0052487842518200226,3.94053425015214e-17,-182.68898087946755,177.31101912053248,14.99999999999999,-24.999999999999986,0.06581709547575498,0.22902644575395126,0.0052487842518200226,0.4637240684353238,2.7755575615628914e-17,0.4265219823096726,0.10172174780515864,-0.0029493627066291203,0.03380630945982309,0.10172174780515862,0.025893063293503053,0.4593519778149358,True,False
24.5,15.0,-25.0,0.046103748920384185,-0.2337935996708173,0.005248784251820026,24.500000000000004,24.5,14.99999999999999,-24.999999999999986,0.04610374892038419,-0.2337935996708173,0.0052487842518200226,7.757919228897728e-18,-182.18898087946758,177.81101912053242,14.99999999999999,-24.999999999999986,0.06381598195349589,0.22959208034874223,0.0052487842518200226,0.4637240684353238,3.1031676915590914e-17,0.42652198230967264,0.10172174780515862,-0.0010641134894085538,0.03412913861918397,0.10172174780515862,0.024063674898439497,0.45991029795353994,True,False
25.0,15.0,-25.0,0.048142201577715094,-0.23338237152536362,0.005248784251820026,24.999999999999996,25.0,15.000000000000009,-25.000000000000018,0.04814220157771507,-0.23338237152536362,0.005248784251820033,2.1942709178604383e-17,-181.68898087946758,178.31101912053242,15.000000000000009,-25.000000000000018,0.061810008597137395,0.23014023061771272,0.005248784251820033,0.4637240684353237,6.938893903907228e-18,0.42652198230967264,0.10172174780515864,0.0008182467631794102,0.03446840718041701,0.10172174780515864,0.022229483960371468,0.4604526326102541,True,False
25.5,15.0,-25.0,0.050176988020005746,-0.2329533704087417,0.005248784251820026,25.499999999999993,25.5,15.000000000000009,-25.000000000000018,0.0501769880200057,-0.23295337040874167,0.005248784251820033,5.637184056103667e-17,-181.18898087946758,178.81101912053242,15.000000000000009,-25.000000000000018,0.05979932816931706,0.23067085481709762,0.005248784251820033,0.4637240684353238,3.3993498887762956e-17,0.4265219823096726,0.10172174780515864,0.0026975747021137433,0.03482408930690775,0.10172174780515862,0.020390630160040266,0.46097894048419447,True,False
26.0,15.0,-25.0,0.052207953290390574,-0.23250662899104751,0.005248784251820026,26.0,26.0,14.999999999999966,-24.999999999999947,0.05220795329039058,-0.23250662899104751,0.005248784251820019,9.813077866773595e-18,-180.68898087946758,179.31101912053242,14.999999999999966,-24.999999999999947,0.05778409379113411,0.2311839125378097,0.005248784251820019,0.4637240684353239,9.813077866773594e-17,0.42652198230967275,0.10172174780515862,0.004573727209295851,0.035196157912085094,0.10172174780515862,0.018547253533282217,0.461489181494979,True,False
26.5,15.0,-25.0,0.05423494272300101,-0.23204218129336962,0.005248784251820026,26.499999999999993,26.5,14.99999999999999,-24.999999999999986,0.05423494272300098,-0.23204218129336962,0.0052487842518200226,2.797157557069881e-17,-180.18898087946758,179.81101912053242,14.99999999999999,-24.999999999999986,0.055764458930488654,0.23167936470851702,0.0052487842518200226,0.46372406843532377,3.7367087251761353e-17,0.42652198230967264,0.10172174780515862,0.006446561408448348,0.03558458466148451,0.10172174780515864,0.016699494460364256,0.46198331678577875,True,False
27.0,15.0,-25.0,0.05625780195474398,-0.2315600626851984,0.005248784251820026,27.0,27.0,15.000000000000009,-25.000000000000018,0.05625780195474397,-0.2315600626851984,0.005248784251820033,1.5515838457795457e-17,-179.68898087946758,-179.68898087946758,15.000000000000009,-25.000000000000018,0.05374057739039487,0.23215717359861873,0.005248784251820033,0.46372406843532377,6.938893903907228e-18,0.4265219823096726,0.10172174780515864,0.00831593467599611,0.035989339974904944,0.10172174780515864,0.014847493655293876,0.46246130872627855,True,False
27.5,15.0,-25.0,0.058276376937057166,-0.23106030988173248,0.005248784251820026,27.499999999999993,27.5,15.000000000000009,-25.000000000000018,0.058276376937057124,-0.23106030988173246,0.005248784251820033,5.0515910130503314e-17,-179.18898087946758,-179.18898087946758,15.000000000000009,-25.000000000000018,0.05171260329726769,0.2326173028211178,0.005248784251820033,0.46372406843532377,3.1031676915590914e-17,0.42652198230967264,0.10172174780515864,0.0101817046519272,0.036410393028662155,0.10172174780515865,0.012991392155102591,0.46292312091554155,True,False
28.0,15.0,-25.0,0.060290513947640435,-0.23054296094108273,0.005248784251820026,28.0,28.0,14.999999999999966,-24.999999999999947,0.06029051394764044,-0.23054296094108276,0.005248784251820019,2.943923360032078e-17,-178.68898087946755,-178.68898087946755,14.999999999999966,-24.999999999999947,0.04968069108918584,0.23305971733539266,0.005248784251820019,0.4637240684353239,5.1925927263190304e-17,0.42652198230967275,0.10172174780515862,0.012043729250634398,0.036847711757936025,0.10172174780515862,0.011131331309105735,0.4633687181847814,True,False
28.5,15.0,-25.0,0.06230005960216236,-0.2300080552613739,0.005248784251820026,28.499999999999996,28.5,14.99999999999999,-24.999999999999986,0.062300059602162346,-0.2300080552613739,0.0052487842518200226,1.4304896245381992e-17,-178.18898087946758,-178.18898087946758,14.99999999999999,-24.999999999999986,0.047644995504131135,0.23348438344986489,0.0052487842518200226,0.4637240684353238,4.443059973708341e-17,0.42652198230967264,0.10172174780515864,0.013901866671735194,0.03730126285921222,0.10172174780515861,0.009267452768138553,0.46379806660004086,True,False
29.0,15.0,-25.0,0.0643048608659411,-0.22945563357774454,0.005248784251820026,29.000000000000004,29.0,15.000000000000009,-25.000000000000018,0.0643048608659411,-0.2294556335777445,0.005248784251820033,2.8609792490763984e-17,-177.68898087946758,-177.68898087946758,15.000000000000009,-25.000000000000018,0.045605671568203485,0.2338912688245659,0.005248784251820033,0.46372406843532377,2.0816681711721685e-17,0.4265219823096726,0.10172174780515864,0.015755975410871148,0.03777101179281836,0.10172174780515864,0.007399898473767833,0.4642111334647758,True,False
29.5,15.0,-25.0,0.06630476506559851,-0.22888573795924466,0.005248784251820026,29.499999999999996,29.5,14.999999999999952,-24.999999999999915,0.06630476506559849,-0.22888573795924466,0.0052487842518200226,2.797157557069881e-17,-177.18898087946758,-177.18898087946758,14.999999999999952,-24.999999999999915,0.04356287458381649,0.23428034247359913,0.0052487842518200226,0.4637240684353238,1.2643266404855218e-16,0.42652198230967264,0.10172174780515862,0.01760591427048315,0.03825692278555429,0.10172174780515862,0.0055288106474839374,0.4646078873223455,True,False
30.0,15.0,-25.0,0.06829961990068681,-0.22829841180563198,0.005248784251820026,29.999999999999993,30.0,14.99999999999999,-24.999999999999986,0.06829961990068678,-0.22829841180563196,0.0052487842518200226,3.94053425015214e-17,-176.68898087946758,-176.68898087946758,14.99999999999999,-24.999999999999986,0.04151676011786941,0.2346515747674997,0.0052487842518200226,0.4637240684353238,5.003707553108401e-17,0.42652198230967264,0.10172174780515864,0.019451542370564685,0.03875895883341689,0.10172174780515862,0.0036543317798689258,0.46498829795840707,True,False
